,title
0,The Princess Diaries 2: Royal Engagement
1,Whiplash
2,Pinocchio and the Emperor of the Night
3,The Possession
4,Muppet Treasure Island
5,Rocky
6,American Beauty
7,Be Cool
8,Minority Report
9,Red Eye
10,The Invisible Woman
11,Transporter 2
12,Lost in Space
13,Changing Lanes
14,The Intouchables
15,The Last Witch Hunter
16,Rush Hour 3
17,Safe
18,Outbreak
19,Cool Hand Luke
20,The Next Best Thing
21,The Wedding Date
22,Ice Age: The Meltdown
23,The Hateful Eight
24,Star Trek: Generations
25,Batman & Robin
26,Nebraska
27,Congo
28,Kramer vs. Kramer
29,Rumble in the Bronx
30,The Zookeeper's Wife
31,Sommersby
32,Mulholland Drive
33,Sleepless Night
34,A Beautiful Mind
35,Belle
36,Bandits
37,In the Heart of the Sea
38,Biloxi Blues
39,Wild Hogs
40,Rush Hour 2
41,Tarzan
42,Romeo Must Die
43,The Gift
44,X2
45,Star!
46,Beethoven
47,Return to Never Land
48,The Exorcism of Emily Rose
49,Police Academy 2: Their First Assignment
50,First Blood
51,Licence to Kill
52,Only the Lonely
53,Click
54,What to Expect When You're Expecting
55,The Sentinel
56,Charlotte's Web
57,Free Birds
58,The Simpsons Movie
59,Mighty Morphin Power Rangers: The Movie
60,Hidalgo
61,Jaws
62,Identity Thief
63,Stand by Me Doraemon
64,Basic Instinct
65,Around the World in 80 Days
66,The Lost City of Z
67,The Last Mimzy
68,Ghost
69,Drumline
70,Legends of Oz: Dorothy's Return
71,The Mask
72,Swordfish
73,Death on the Nile
74,Would I Lie to You? 2
75,Everest
76,Love Me Tender
77,Ghost in the Shell
78,RV
79,Diary of a Wimpy Kid: Rodrick Rules
80,Talladega Nights: The Ballad of Ricky Bobby
81,Marked for Death
82,Marmaduke
83,You've Got Mail
84,Collateral
85,The Cabin in the Woods
86,End of Watch
87,Split
88,Four Weddings and a Funeral
89,The Hunger Games: Mockingjay - Part 2
90,Dragonfly
91,Cradle 2 the Grave
92,Tremors
93,Where the Wild Things Are
94,Live by Night
95,Cars 3
96,Changeling
97,The Pirates! In an Adventure with Scientists!
98,Elysium
99,Mirror Mirror
100,The Revenant
101,Payback
102,Doctor Dolittle
103,The First Wives Club
104,Colombiana
105,Country Strong
106,Now You See Me
107,Ghost
108,Jack Ryan: Shadow Recruit
109,Collateral Beauty
110,Nausicaä of the Valley of the Wind
111,Deepwater Horizon
112,Diamonds Are Forever
113,Sahara
114,The Lion King
115,Heaven is for Real
116,Asterix & Obelix Take on Caesar
117,Behind Enemy Lines
118,The Rugrats Movie
119,Valiant
120,Anna Karenina
121,Any Given Sunday
122,Mr. Bean's Holiday
123,Anger Management
124,The Cannonball Run
125,Kevin Hart: Let Me Explain
126,I Know What You Did Last Summer
127,Aliens
128,Seabiscuit
129,Safe Haven
130,The Dictator
131,The General's Daughter
132,Departures
133,Midnight in Paris
134,The Butterfly Effect
135,The Mexican
136,Johnny English
137,300: Rise of an Empire
138,Babe
139,Air Force One
140,Rebecca
141,My Big Fat Greek Wedding 2
142,The Game Plan
143,Contact
144,Rocky III
145,Sydney White
146,Sleeping with the Enemy
147,Riding in Cars with Boys
148,The Horse Whisperer
149,The Purge: Anarchy
150,Mary and Max
151,Hotel Transylvania 2
152,What Just Happened
153,U.S. Marshals
154,On the Waterfront
155,A Dog's Purpose
156,Timecop
157,The Theory of Everything
158,Wonder Woman
159,The Master
160,The Ten Commandments
161,The Love Guru
162,Duplicity
163,The Robe
164,Supersonic
165,The Rock
166,Pan
167,I Still Know What You Did Last Summer
168,About Schmidt
169,Tales from the Darkside: The Movie
170,Phone Booth
171,Gothika
172,Scarface
173,50 First Dates
174,One for the Money
175,28 Days Later
176,House of 1000 Corpses
177,Edge of Darkness
178,Bridget Jones's Baby
179,From Dusk Till Dawn
180,Resident Evil: The Final Chapter
181,Before Midnight
182,Little Miss Sunshine
183,Snitch
184,Top Gun
185,A Knight's Tale
186,The Birth of a Nation
187,The Taking of Tiger Mountain
188,The Handmaiden
189,Dennis the Menace
190,Double Jeopardy
191,Last Action Hero
192,The Animal
193,Ben-Hur
194,Sideways
195,Double Impact
196,Fantastic Four
197,The NeverEnding Story
198,Step Up 2: The Streets
199,The Hurricane
200,The Book of Life
201,Coming to America
202,Ikiru
203,Animal Kingdom
204,Syriana
205,Going My Way
206,The Curse of the Were-Rabbit
207,Sense and Sensibility
208,Don Juan DeMarco
209,Reality Bites
210,Chernobyl Diaries
211,Stealth
212,Kick-Ass 2
213,The Day After Tomorrow
214,Beauty and the Beast
215,War Dogs
216,Sweet Home Alabama
217,Ride Along 2
218,The Visit
219,American Pie
220,The Good Shepherd
221,Rear Window
222,The Expendables 3
223,Eight Below
224,Run All Night
225,Rio 2
226,Zootopia
227,Quo Vadis
228,Snowden
229,Never Been Kissed
230,Rambo
231,Crime Story
232,Four Christmases
233,Point Break
234,The Great Wall
235,Nocturnal Animals
236,Prelude to a Kiss
237,A Cinderella Story
238,Vanishing Point
239,The Little Mermaid
240,"Dude, Where’s My Car?"
241,Child's Play 3
242,Inferno
243,Notting Hill
244,Rush Hour
245,A History of Violence
246,Alvin and the Chipmunks: The Road Chip
247,Shall We Dance?
248,Home on the Range
249,Before Sunset
250,The Grandmaster
251,Monkey King: Hero Is Back
252,A Star Is Born
253,Batman Begins
254,Taxi 3
255,Larry Crowne
256,Mad Max: Fury Road
257,The Godfather: Part III
258,Gold
259,Ice Age
260,Cinderella Man
261,Mama
262,21 & Over
263,Alice in Wonderland
264,Ghost Rider: Spirit of Vengeance
265,The Grey
266,Milk
267,My Big Fat Greek Wedding
268,Howard the Duck
269,Don't Say a Word
270,Step Up
271,The Missing Picture
272,The Dark Knight Rises
273,Out of Africa
274,8MM
275,Jack the Giant Slayer
276,Demolition Man
277,Papanasam
278,Ip Man: The Final Fight
279,Mata Hari
280,Maleficent
281,Pokémon 4Ever: Celebi - Voice of the Forest
282,Tidal Wave
283,Welcome Home Roscoe Jenkins
284,Rambo: First Blood Part II
285,To Rome with Love
286,"Crazy, Stupid, Love."
287,Batteries not Included
288,Fuck You Goethe 2
289,Bad Boys
290,Muriel's Wedding
291,The Happening
292,The Expendables
293,The Conjuring
294,If I Stay
295,The Messenger: The Story of Joan of Arc
296,The Haunting
297,Parker
298,Hitchcock
299,Scent of a Woman
300,Touching the Void
301,Top Hat
302,The Hard Way
303,Saw
304,Daddy Day Care
305,The Bone Collector
306,Trainwreck
307,Pitch Perfect
308,The Lake House
309,Looper
310,Max Steel
311,Three Kings
312,Pokémon the Movie: Kyurem vs. the Sword of Justice
313,Life of Brian
314,Crimson Tide
315,Beasts of the Southern Wild
316,Miss Potter
317,Teenage Mutant Ninja Turtles: Out of the Shadows
318,The Pacifier
319,Admiral
320,Fatal Attraction
321,United 93
322,Jack Reacher
323,Mr. Popper's Penguins
324,The Living Daylights
325,Ocean's Thirteen
326,Requiem for a Dream
327,Dead Snow
328,"Two Days, One Night"
329,Jimmy Neutron: Boy Genius
330,Lethal Weapon
331,Ex Machina
332,The Godfather
333,The Holiday
334,GoldenEye
335,Wolf Warrior
336,Seventh Son
337,Child's Play
338,The Spy Who Loved Me
339,The American President
340,Frankenweenie
341,Fletch
342,The Host
343,Ice Age: Collision Course
344,Along Came a Spider
345,Virus
346,Smokey and the Bandit
347,Highlander: The Final Dimension
348,Pokémon: Arceus and the Jewel of Life
349,The Getaway
350,The Santa Clause 3: The Escape Clause
351,Mean Girls
352,Transformers
353,Percy Jackson: Sea of Monsters
354,Source Code
355,Sunrise: A Song of Two Humans
356,High Anxiety
357,The Three Musketeers
358,Peter Pan
359,The Three Stooges
360,The Manchurian Candidate
361,Jumper
362,The Fault in Our Stars
363,"Faraway, So Close!"
364,The Bride Wore Black
365,The Gorgeous Hussy
366,He-Man and She-Ra: The Secret of the Sword
367,The World's End
368,Wag the Dog
369,Green Zone
370,Elizabeth
371,Atlas Shrugged Part III: Who is John Galt?
372,Detective Dee and the Mystery of the Phantom Flame
373,Escape from New York
374,Jaws: The Revenge
375,Dirty Dancing
376,Snatch
377,The Change-Up
378,Meet the Parents
379,"War, Inc."
380,Cars 2
381,Vampires Suck
382,Death Sentence
383,The Sorcerer's Apprentice
384,Paranormal Activity
385,Runaway Jury
386,Cabin Fever
387,Gravity
388,The Transporter
389,Carol
390,Jarhead
391,The Chronicles of Narnia: Prince Caspian
392,Pokémon: Spell of the Unknown
393,John Carter
394,Mary Poppins
395,Grand Hotel
396,Battle for the Planet of the Apes
397,Vantage Point
398,Jaws 3-D
399,Dracula 2000
400,Warm Bodies
401,Kiss of the Dragon
402,The Cat's Meow
403,Gone Girl
404,Identity
405,Beauty and the Beast
406,San Andreas
407,Blade: Trinity
408,The Green Hornet
409,But I'm a Cheerleader
410,Ghost Ship
411,A War
412,Lone Survivor
413,Zookeeper
414,Anonymous
415,Love & Other Drugs
416,Memoirs of a Geisha
417,The Satanic Rites of Dracula
418,All Night Long
419,War of the Arrows
420,The Women
421,The Princess Diaries
422,Some Like It Hot
423,Dante's Peak
424,Bringing Down the House
425,Sleepers
426,Frequency
427,The Broken Circle Breakdown
428,Wreck-It Ralph
429,Planes: Fire & Rescue
430,Tomorrowland
431,Surf's Up
432,The Nice Guys
433,Trolls
434,Miss Congeniality
435,The Man Who Knew Infinity
436,The Family
437,The Prince of Egypt
438,The Call
439,10 Cloverfield Lane
440,Sweet November
441,In the Line of Fire
442,Night Of The Living Dead 3D
443,Superman Returns
444,Parental Guidance
445,The Ugly Truth
446,Final Destination 2
447,Batman: The Killing Joke
448,Jane Eyre
449,Rabbit Hole
450,Scarface
451,Rent
452,The Aviator
453,Hansel & Gretel: Witch Hunters
454,Predator 2
455,Butch Cassidy and the Sundance Kid
456,Free Willy
457,Annabelle
458,Raising Cain
459,Sunset Boulevard
460,Snakes on a Plane
461,The Wedding Ringer
462,The Book Thief
463,No Strings Attached
464,Signs
465,Act of Valor
466,The Saint
467,Toy Story
468,Up in the Air
469,After Earth
470,Pixels
471,High Crimes
472,Gnomeo & Juliet
473,One Day
474,A Better Life
475,The Haunted Mansion
476,How to Train Your Dragon 2
477,A Perfect World
478,Beerfest
479,The Legend of Zorro
480,The Big Short
481,Crocodile Dundee II
482,Lady and the Tramp
483,Made of Honor
484,Ghajini
485,Conversations with Other Women
486,Lost in Translation
487,Kick-Ass
488,Red Cliff Part II
489,Argo
490,Whiskey Tango Foxtrot
491,Four Brothers
492,Not Another Teen Movie
493,Dracula Untold
494,Alien³
495,Snake Eyes
496,Cool Runnings
497,District 9
498,Finding Forrester
499,First Knight
500,Death Race
501,Transformers: The Last Knight
502,Pokémon: The Movie 2000
503,Rocky II
504,K-9
505,Tomorrow Never Dies
506,Maze Runner: The Scorch Trials
507,Drive
508,First Strike
509,North by Northwest
510,Dead Poets Society
511,Hoop Dreams
512,The Craft
513,Serendipity
514,The Blair Witch Project
515,Children of Heaven
516,Waiting to Exhale
517,The Jackal
518,"I Love You, Man"
519,Fargo
520,Baby Driver
521,Shining Through
522,We Bought a Zoo
523,Red Riding Hood
524,War for the Planet of the Apes
525,Cocoon
526,Driven
527,The Mechanic
528,Fantastic Four
529,"Legally Blonde 2: Red, White & Blonde"
530,Killer Joe
531,Hey Ram
532,Back to the Future Part III
533,Jurassic Park
534,The Distinguished Gentleman
535,MouseHunt
536,The Judge
537,The Terminator
538,The Derby Stallion
539,Glee: The Concert Movie
540,The Wedding Banquet
541,Baby's Day Out
542,Furious 7
543,Blazing Saddles
544,The Bridge on the River Kwai
545,The Unborn
546,Jumanji
547,From Hell
548,Naqoyqatsi
549,Billy Elliot
550,The Illusionist
551,Logan
552,Alien
553,Ida
554,Captain Phillips
555,The Girl Who Played with Fire
556,Miami Vice
557,Terminator 3: Rise of the Machines
558,Traffic
559,Murder by Numbers
560,Runaway Bride
561,Veteran
562,Righteous Kill
563,Pompeii
564,My Fair Lady
565,Urban Legends: Final Cut
566,The Edge of Seventeen
567,Captain America: The Winter Soldier
568,Herbie Fully Loaded
569,Scooby-Doo 2: Monsters Unleashed
570,Nerve
571,The Mummy
572,The Martian
573,Airport
574,Ghostbusters II
575,Young Detective Dee: Rise of the Sea Dragon
576,Looney Tunes: Back in Action
577,American Hustle
578,X-Men: The Last Stand
579,In the Cut
580,The Artist
581,21
582,Harry and the Hendersons
583,Tooth Fairy
584,A View to a Kill
585,The Golden Compass
586,Biutiful
587,Jackie Brown
588,The Merry Widow
589,Project Almanac
590,Paranormal Activity: The Marked Ones
591,Cleopatra
592,Sex and the City
593,For Your Eyes Only
594,Enthiran
595,Final Destination 3
596,Eyes Wide Shut
597,Something to Talk About
598,The Odd Life of Timothy Green
599,Evan Almighty
600,The Flintstones in Viva Rock Vegas
601,Blended
602,Blues Brothers 2000
603,A Few Good Men
604,Rocky V
605,The Cider House Rules
606,Working Girl
607,The Wolverine
608,Ip Man
609,Superman II
610,Last Man Standing
611,Intolerable Cruelty
612,Dark City
613,Jeepers Creepers
614,Queen Christina
615,Star Trek V: The Final Frontier
616,Scary Movie 2
617,The Wolf of Wall Street
618,The Bounty Hunter
619,The Shawshank Redemption
620,Guardians of the Galaxy
621,Man on a Ledge
622,Child's Play 2
623,The Rocky Horror Picture Show
624,Phenomenon
625,Apollo 13
626,Resident Evil: Afterlife
627,The Adventures of Tintin
628,Anastasia
629,Monster Hunt
630,Wedding Crashers
631,The Smurfs 2
632,Scream 3
633,The Interview
634,Godzilla 1985
635,Once Upon a Time in Mexico
636,Oculus
637,Exit Wounds
638,Friday the 13th
639,Don't Breathe
640,Ace Ventura: Pet Detective
641,The Ring Two
642,Mishima: A Life in Four Chapters
643,Killing Them Softly
644,Eraser
645,The Birdcage
646,Olympus Has Fallen
647,Broken Flowers
648,Speed 2: Cruise Control
649,Guardians of the Galaxy Vol. 2
650,Cats & Dogs
651,Scary Movie 5
652,About a Boy
653,Hitman
654,Pirates of the Caribbean: On Stranger Tides
655,Gangster Squad
656,Sicario
657,Big Momma's House 2
658,Reno 911!: Miami
659,Vampire in Brooklyn
660,Dreamcatcher
661,The Life Aquatic with Steve Zissou
662,Bend It Like Beckham
663,Joy
664,Chain Reaction
665,The Hangover Part III
666,House of Wax
667,Star Trek IV: The Voyage Home
668,Masters of the Universe
669,Crossroads
670,21 Grams
671,Mystic River
672,1492: Conquest of Paradise
673,Ip Man 3
674,Money Monster
675,The Train
676,Batman Returns
677,Storks
678,Cirque du Freak: The Vampire's Assistant
679,Total Recall
680,Love Story
681,Life As We Know It
682,Anomalisa
683,The Other Woman
684,She's All That
685,Frida
686,The Valley of Decision
687,The Midnight Meat Train
688,Cop Out
689,Dhoom 3
690,Zero Dark Thirty
691,Sea of Love
692,Match Point
693,Resident Evil
694,The Amityville Horror
695,Welcome to the Sticks
696,Judge Dredd
697,The Mighty Quinn
698,What Women Want
699,The Kite Runner
700,American Pie 2
701,The Player
702,London Has Fallen
703,The Adventures of Pluto Nash
704,Tales from Earthsea
705,Tower Heist
706,Old School
707,The Circle
708,The Secret Life of Walter Mitty
709,Horton Hears a Who!
710,The Truman Show
711,The Iron Lady
712,The Three Musketeers
713,Cold Mountain
714,Deadpool
715,Beetlejuice
716,Alex Cross
717,My Week with Marilyn
718,You Only Live Twice
719,Smokey and the Bandit II
720,Fight Club
721,The Frighteners
722,Urban Legend
723,The Longest Day
724,Hidden Figures
725,The Exorcist
726,Accepted
727,American History X
728,Man of Steel
729,Into the Storm
730,Shaun the Sheep Movie
731,Dreamgirls
732,Julie & Julia
733,About Time
734,Norbit
735,Michael Clayton
736,Secretary
737,Another Year
738,My Sister's Keeper
739,Thunderball
740,Spy Kids
741,Eat Pray Love
742,Ransom
743,Junior
744,Starsky & Hutch
745,The Town
746,Men of Honor
747,Interview with the Vampire
748,Red Dawn
749,Knock Knock
750,Species
751,Evita
752,Deep Blue Sea
753,The Conjuring 2
754,The Perfect Storm
755,Race to Witch Mountain
756,Alien Nation
757,Juno
758,15 Minutes
759,Bounce
760,Dolphin Tale
761,The Internship
762,Ted
763,Epic
764,The Constant Gardener
765,Dances with Wolves
766,Collateral Damage
767,The Good Dinosaur
768,Tiny Times
769,Ace Ventura: When Nature Calls
770,The Men Who Stare at Goats
771,The Next Three Days
772,Elektra
773,Once Upon a Time in China II
774,Noah
775,Speed Racer
776,Zombieland
777,Wings of Desire
778,Below
779,Donnie Brasco
780,Legends of the Fall
781,Friday
782,Pina
783,Bride of Chucky
784,The Equalizer
785,Asterix at the Olympic Games
786,You Don't Mess with the Zohan
787,King Kong
788,Solaris
789,Boyhood
790,The Cowboys
791,The Hobbit: An Unexpected Journey
792,Josh
793,This Is 40
794,The Kids Are All Right
795,Patriots Day
796,Star Trek III: The Search for Spock
797,Space Jam
798,Punch-Drunk Love
799,Finding Dory
800,The Wackness
801,The Polar Express
802,Mojin: The Lost Legend
803,Waste Land
804,Boogeyman
805,"Lock, Stock and Two Smoking Barrels"
806,Guess Who
807,Blast from the Past
808,Barbershop
809,Enemy of the State
810,Mr. Holland's Opus
811,Alien: Resurrection
812,Analyze This
813,Field of Dreams
814,Unknown
815,The One
816,Black Swan
817,Spice World
818,Valerian and the City of a Thousand Planets
819,Get Out
820,Red Planet
821,Halloween: Resurrection
822,22 Jump Street
823,The Dilemma
824,Killers
825,Starship Troopers
826,My Old Classmate
827,Taxi 2
828,The Impossible
829,Tammy
830,Paul Blart: Mall Cop 2
831,Pay It Forward
832,The Whole Nine Yards
833,Lights Out
834,The Sacrifice
835,"One, Two, Three"
836,Subway
837,What Dreams May Come
838,Takers
839,The Little Vampire
840,Fireproof
841,The Young Victoria
842,Take the Lead
843,Fred Claus
844,The Scorpion King
845,The Sweetest Thing
846,The Secret of My Success
847,Ben-Hur
848,The Last House on the Left
849,The Boss Baby
850,Scary Movie
851,Paul
852,Spectre
853,Atlantis: The Lost Empire
854,The Incredibles
855,The Magnificent Seven
856,Kung Fu Hustle
857,The Informant!
858,The Island of Dr. Moreau
859,Rambo III
860,Oldboy
861,Mr. Holmes
862,The Hours
863,The Saint of Gamblers
864,The Chamber
865,The Musketeer
866,Chocolat
867,Saw: The Final Chapter
868,Avengers: Age of Ultron
869,The Siege
870,The Longest Yard
871,Cellular
872,Sudden Death
873,Out of Sight
874,John Q
875,Excalibur
876,The Book of Eli
877,Music and Lyrics
878,Windtalkers
879,Ted 2
880,Fracture
881,Sky High
882,Pain & Gain
883,Miracle on 34th Street
884,Conan the Destroyer
885,Kids
886,The Queen
887,Something's Gotta Give
888,The Mask of Zorro
889,Another 48 Hrs.
890,The Mortal Instruments: City of Bones
891,Against the Ropes
892,Robots
893,Tinker Bell and the Pirate Fairy
894,The Tale of the Princess Kaguya
895,Cars
896,Gandhi
897,The Cable Guy
898,National Treasure: Book of Secrets
899,The Italian Job
900,White House Down
901,Bridge of Spies
902,The X Files: I Want to Believe
903,Joy Ride
904,The Caine Mutiny
905,The Thing
906,Animal House
907,Rock Star
908,Patriot Games
909,Dinosaur
910,Backdraft
911,Trainspotting
912,Sleepless in Seattle
913,Cobra
914,Ninotchka
915,Exorcist: The Beginning
916,The Care Bears Adventure in Wonderland
917,Paranormal Activity 4
918,Random Hearts
919,Diary of a Wimpy Kid: Dog Days
920,The Stepford Wives
921,Prometheus
922,Freddy vs. Jason
923,The Way of the Gun
924,Alfie
925,Money Train
926,Jab We Met
927,Porky's
928,The Shack
929,Les Misérables
930,Spawn
931,The Bodyguard
932,Aliens in the Attic
933,The Back-Up Plan
934,S.W.A.T.
935,Save the Last Dance
936,The Terminal
937,Along Came Polly
938,Abduction
939,Pokémon: The Rise of Darkrai
940,Incendies
941,The Tigger Movie
942,Becoming Jane
943,The Gods Must Be Crazy
944,The Brothers Bloom
945,Hot Tub Time Machine
946,Transcendence
947,My Best Friend's Girl
948,Suspect Zero
949,Cape Fear
950,The Accountant
951,Predestination
952,Honey
953,Ernest & Celestine
954,Young Adult
955,Piranha 3DD
956,Captain America: The First Avenger
957,Saturday Night Fever
958,Dragon Blade
959,Arthur
960,Wayne's World
961,Rango
962,xXx: State of the Union
963,Aliens vs Predator: Requiem
964,Garfield
965,The Mysterious Lady
966,Extremely Loud & Incredibly Close
967,Shark Tale
968,"Me, Myself & Irene"
969,Little Children
970,Vertical Limit
971,Message in a Bottle
972,The Incredible Hulk
973,Fantastic Voyage
974,Madea's Family Reunion
975,The World of Apu
976,Citizenfour
977,Dragnet
978,Ghostbusters
979,Walking With Dinosaurs
980,The Painted Veil
981,Predator
982,Hitch
983,Street Fighter: The Legend of Chun-Li
984,Under Siege 2: Dark Territory
985,Batman
986,Dumb and Dumber
987,The Secret in Their Eyes
988,Foxcatcher
989,The Woman in Black
990,Bad Lieutenant
991,Seven Pounds
992,Jason X
993,Rumor Has It...
994,City Slickers
995,The Girl on the Train
996,Creed
997,The Sum of All Fears
998,The Hunchback of Notre Dame
999,Finding Mr. Right
1000,Aitraaz
1001,Finding Neverland
1002,Mission: Impossible II
1003,Puella Magi Madoka Magica the Movie Part III: Rebellion
1004,Hacksaw Ridge
1005,White Men Can't Jump
1006,Madonna: Truth or Dare
1007,Season of the Witch
1008,Allegiant
1009,Concussion
1010,A Bug's Life
1011,Apollo 18
1012,Antichrist
1013,Mulan
1014,Captain Corelli's Mandolin
1015,Hancock
1016,The BFG
1017,Doctor Zhivago
1018,Brokeback Mountain
1019,The Greatest Show on Earth
1020,The Specialist
1021,Roadgames
1022,Pokémon Heroes: Latios and Latias
1023,Police Story 2013
1024,Assassins
1025,Finding Vivian Maier
1026,At Long Last Love
1027,Sweeney Todd: The Demon Barber of Fleet Street
1028,The Secret Life of Pets
1029,Ride Along
1030,Dirty Dancing: Havana Nights
1031,Next
1032,Rio
1033,Aashiqui 2
1034,The Thin Red Line
1035,Limitless
1036,Southpaw
1037,300
1038,Embrace of the Serpent
1039,New Year's Eve
1040,Donnie Darko
1041,Born on the Fourth of July
1042,G.I. Jane
1043,Fifty Shades of Black
1044,The Iron Giant
1045,Ray
1046,Man on Fire
1047,The Amazing Spider-Man 2
1048,Missing
1049,The Fugitive
1050,Cinderella
1051,Pulp Fiction
1052,Cats & Dogs 2 : The Revenge of Kitty Galore
1053,R.I.P.D.
1054,Miracle
1055,Texas Chainsaw 3D
1056,Nacho Libre
1057,"Paris, Texas"
1058,Elf
1059,House at the End of the Street
1060,Hide and Seek
1061,Kong: Skull Island
1062,The Admiral: Roaring Currents
1063,The Huntsman: Winter's War
1064,Brotherhood of the Wolf
1065,Winnie the Pooh
1066,The Ninth Gate
1067,The Santa Clause
1068,The Shallows
1069,Bad News Bears
1070,Magnolia
1071,Pacific Rim
1072,The Skin I Live In
1073,Control
1074,Office Space
1075,The End
1076,The Poseidon Adventure
1077,The Girl with the Dragon Tattoo
1078,xXx: Return of Xander Cage
1079,Why Him?
1080,Neighbors
1081,The Jungle Book
1082,Boom Town
1083,Confessions of a Shopaholic
1084,No Country for Old Men
1085,Home Alone
1086,The Client
1087,The Royal Tenenbaums
1088,The Sound of Music
1089,Corpse Bride
1090,Final Fantasy: The Spirits Within
1091,I Love Trouble
1092,Thor: The Dark World
1093,The Pom Pom Girls
1094,Can't Buy Me Love
1095,The Curious Case of Benjamin Button
1096,Close Encounters of the Third Kind
1097,Taxi Driver
1098,Who Framed Roger Rabbit
1099,16 Blocks
1100,The Texas Chainsaw Massacre 2
1101,Crocodile Dundee in Los Angeles
1102,Over the Hedge
1103,Monsters vs Aliens
1104,The Alamo
1105,Jerry Maguire
1106,The Purge
1107,Conan the Barbarian
1108,Dr. Dolittle 2
1109,3 Days to Kill
1110,Grown Ups 2
1111,The Eternal Zero
1112,Old Dogs
1113,Enemy at the Gates
1114,Twister
1115,The Rage: Carrie 2
1116,Good Will Hunting
1117,Final Destination 5
1118,White Noise
1119,"Good bye, Lenin!"
1120,When a Stranger Calls
1121,Son of God
1122,Great Expectations
1123,Road Trip
1124,Equilibrium
1125,Journey 2: The Mysterious Island
1126,The Maltese Falcon
1127,Amy
1128,Johnny English Reborn
1129,Spy Kids 3-D: Game Over
1130,Mamma Mia!
1131,Pearl Harbor
1132,Practical Magic
1133,The Good Son
1134,Rise of the Planet of the Apes
1135,Cliffhanger
1136,Jack and Jill
1137,Earth
1138,Spider-Man 2
1139,Superman
1140,Star Trek: The Motion Picture
1141,Lilo & Stitch
1142,Kung Fu Panda
1143,Beverly Hills Cop III
1144,Orphan
1145,Anacondas: The Hunt for the Blood Orchid
1146,Godzilla
1147,Open Water
1148,Gulliver's Travels
1149,Liar Liar
1150,Step Brothers
1151,I Now Pronounce You Chuck & Larry
1152,Million Dollar Baby
1153,Pitch Perfect 2
1154,Sliver
1155,Dead Silence
1156,Pokémon the Movie: Genesect and the Legend Awakened
1157,The Hills Have Eyes
1158,Lemony Snicket's A Series of Unfortunate Events
1159,Footloose
1160,Eternal Sunshine of the Spotless Mind
1161,Forever Young
1162,Skiptrace
1163,The Salt of the Earth
1164,Clear and Present Danger
1165,Hitman: Agent 47
1166,Charlie Wilson's War
1167,Ocean's Eleven
1168,Warcraft
1169,Stomp the Yard
1170,The Illusionist
1171,The Texas Chainsaw Massacre
1172,Johnny Mnemonic
1173,AVP: Alien vs. Predator
1174,Pacific Heights
1175,The Chronicles of Narnia: The Voyage of the Dawn Treader
1176,A Time to Kill
1177,Rock of Ages
1178,Live Free or Die Hard
1179,Project X
1180,Frenzy
1181,Sully
1182,Unfaithful
1183,Weird Science
1184,The Omen
1185,G.I. Joe: The Rise of Cobra
1186,Catwoman
1187,The Hunger Games: Mockingjay - Part 1
1188,Ghost in the Shell
1189,Beethoven's 2nd
1190,Sinbad and the Eye of the Tiger
1191,The Cheat
1192,12 Years a Slave
1193,Cheaper by the Dozen 2
1194,Victor Frankenstein
1195,The Intern
1196,Ballerina
1197,Mr. Magorium's Wonder Emporium
1198,Carrie
1199,Evolution
1200,Fair Game
1201,"Farewell, My Lovely"
1202,Selma
1203,Before I Fall
1204,Courage Under Fire
1205,Step Up All In
1206,The Legend of Tarzan
1207,Fiddler on the Roof
1208,Kidnap
1209,Dragon Wars: D-War
1210,Inside Job
1211,J. Edgar
1212,Grudge Match
1213,Doctor Strange
1214,Die Hard
1215,Men in Black II
1216,The Lost World: Jurassic Park
1217,For Greater Glory - The True Story of Cristiada
1218,John Tucker Must Die
1219,Operation Mekong
1220,RED
1221,Madagascar: Escape 2 Africa
1222,Rush
1223,Oldboy
1224,Suicide Squad
1225,Snow White and the Seven Dwarfs
1226,Sunshine Cleaning
1227,M*A*S*H
1228,13 Going on 30
1229,The Grand Budapest Hotel
1230,Staying Alive
1231,Commando
1232,Batman Forever
1233,The Devil Wears Prada
1234,Almost Famous
1235,Star Trek VI: The Undiscovered Country
1236,Elegy
1237,Antz
1238,Rogue One: A Star Wars Story
1239,Chronicle
1240,Big Momma's House
1241,You Can't Take It With You
1242,The Forbidden Kingdom
1243,Tae Guk Gi: The Brotherhood of War
1244,Eyes of Laura Mars
1245,Transformers: Age of Extinction
1246,I Spy
1247,Treasure Planet
1248,In Her Shoes
1249,The Hunt for Red October
1250,The Lincoln Lawyer
1251,Hellboy
1252,The Look of Silence
1253,Non-Stop
1254,The Amazing Spider-Man
1255,Battlefield Earth
1256,The Crow
1257,Shanghai Knights
1258,Bat*21
1259,Pinocchio
1260,Red Cliff
1261,Monster
1262,The Kid
1263,Scream 2
1264,The Hunting Ground
1265,The Mothman Prophecies
1266,The Count of Monte Cristo
1267,30 Days of Night
1268,Fierce Creatures
1269,Big Fish
1270,Scream
1271,Killer Elite
1272,Friday Night Lights
1273,Nightcrawler
1274,Mission: Impossible - Rogue Nation
1275,Aladdin
1276,Blue Valentine
1277,X-Men: First Class
1278,Death Becomes Her
1279,Fanboys
1280,Baywatch
1281,Striptease
1282,Monster House
1283,Saw III
1284,Think Like a Man
1285,The Ring
1286,Uncle Buck
1287,For the Boys
1288,The Next Karate Kid
1289,Inglourious Basterds
1290,Land of the Dead
1291,Babel
1292,Crimes and Misdemeanors
1293,The Devil Inside
1294,Lucy
1295,My Bloody Valentine
1296,Torque
1297,K-19: The Widowmaker
1298,Insurgent
1299,Bad Moms
1300,Lost in Thailand
1301,An American Tail
1302,Mortal Kombat: Annihilation
1303,Morgan
1304,Pinocchio
1305,The Jewel of the Nile
1306,Grown Ups
1307,Purple Rain
1308,Curious George
1309,Wolf Totem
1310,Charlie and the Chocolate Factory
1311,Flubber
1312,Hot Shots!
1313,Fled
1314,Wild Wild West
1315,Marathon Man
1316,Get Hard
1317,Legend
1318,The Mermaid
1319,The Inbetweeners Movie
1320,Akira
1321,Night at the Museum: Secret of the Tomb
1322,Inside Out
1323,Cavalcade
1324,In Darkness
1325,Baby Geniuses
1326,Street Knight
1327,Home Alone 3
1328,The Quest
1329,Showgirls
1330,The Great Gatsby
1331,Return of the Jedi
1332,Death Race 2000
1333,Mr. Deeds
1334,The Waterboy
1335,Beastly
1336,Kubo and the Two Strings
1337,The Five-Year Engagement
1338,While You Were Sleeping
1339,Life
1340,Welcome to the South
1341,Chicken Little
1342,The Shaggy Dog
1343,The Land Before Time
1344,Amélie
1345,Brave
1346,There Will Be Blood
1347,The Wind Rises
1348,Goosebumps
1349,Tears of the Sun
1350,Napoleon Dynamite
1351,New Nightmare
1352,Raiders of the Lost Ark
1353,The Bride
1354,Blade
1355,The Mummy Returns
1356,Murder at 1600
1357,Open Range
1358,King Arthur: Legend of the Sword
1359,Romeo + Juliet
1360,The SpongeBob SquarePants Movie
1361,Tank Girl
1362,The Taking of Pelham 1 2 3
1363,Carlito's Way
1364,Cloudy with a Chance of Meatballs 2
1365,Sex Tape
1366,Silence
1367,Vanity Fair
1368,The Host
1369,The Imitation Game
1370,Blair Witch
1371,The Wedding Planner
1372,Little Man
1373,The Beach
1374,Cheaper by the Dozen
1375,The Railway Man
1376,Ever After: A Cinderella Story
1377,Far and Away
1378,Ender's Game
1379,Hoodwinked!
1380,Red Dragon
1381,Saw VI
1382,Universal Soldier: Day of Reckoning
1383,The Emperor's New Groove
1384,Sky Captain and the World of Tomorrow
1385,Remember the Titans
1386,End of Days
1387,Amour
1388,Unforgiven
1389,Bowling for Columbine
1390,Abandon
1391,Hot Shots! Part Deux
1392,Alien: Covenant
1393,Teenage Mutant Ninja Turtles
1394,Couples Retreat
1395,Stuart Little 2
1396,Men in Black 3
1397,From Russia with Love
1398,Primeval
1399,The Full Monty
1400,The Crazies
1401,Daddy's Home
1402,Monkeybone
1403,Finding Nemo
1404,My Cousin Vinny
1405,La Cage aux folles II
1406,Arthur
1407,Hardcore Henry
1408,Under the Tuscan Sun
1409,The English Patient
1410,Dragon Ball Z: Resurrection 'F'
1411,Barnyard
1412,Soul Surfer
1413,The Talented Mr. Ripley
1414,The Outlaw Josey Wales
1415,Star Trek II: The Wrath of Khan
1416,Sister Act
1417,Valentine's Day
1418,Welcome to the North
1419,Exodus: Gods and Kings
1420,Dredd
1421,2 Guns
1422,Hotel for Dogs
1423,Bee Movie
1424,Hardware
1425,Turbo
1426,Dawn of the Dead
1427,"O Brother, Where Art Thou?"
1428,Room
1429,The Thieves
1430,Death Wish 3
1431,Quartet
1432,Cruel Intentions
1433,City of Ember
1434,Big Fish & Begonia
1435,Trumbo
1436,Rocky IV
1437,W.E.
1438,Sausage Party
1439,Hero
1440,The Broadway Melody
1441,Pirates of the Caribbean: Dead Man's Chest
1442,Despicable Me 2
1443,Bad Santa 2
1444,PK
1445,Arrival
1446,Mary Reilly
1447,Black Rain
1448,Fool's Gold
1449,The Campaign
1450,Allied
1451,Captain America: Civil War
1452,Ice Age: Continental Drift
1453,Witness for the Prosecution
1454,Munich
1455,Singin' in the Rain
1456,Open Season
1457,The X Files
1458,The Man from U.N.C.L.E.
1459,Notorious
1460,Drishyam
1461,Horrible Bosses 2
1462,Showtime
1463,Star Trek: First Contact
1464,Lethal Weapon 2
1465,Despicable Me 3
1466,Ella Enchanted
1467,Sunshine
1468,Premonition
1469,The 6th Day
1470,Stuck on You
1471,The Day the Earth Stood Still
1472,The Other Guys
1473,Poltergeist
1474,The Color Purple
1475,The Secret World of Arrietty
1476,Dark Shadows
1477,Ocean's Twelve
1478,Anaconda
1479,Closer
1480,The Abyss
1481,Roadside Prophets
1482,Death Wish 2
1483,Knowing
1484,The Patriot
1485,...And Justice for All
1486,Muppets from Space
1487,Entourage
1488,Tangled
1489,Zoolander 2
1490,The Hangover Part II
1491,Step Up 3D
1492,Lion
1493,Tropic Thunder
1494,Coyote Ugly
1495,Waterworld
1496,Call of the Wild
1497,Mission: Impossible III
1498,Shooter
1499,Little White Lies
1500,Hoodwinked Too! Hood VS. Evil
1501,Days of Thunder
1502,Leon: The Professional
1503,Mr. & Mrs. Smith
1504,Coach Carter
1505,The Pursuit of Happyness
1506,Band of the Hand
1507,Forgetting Sarah Marshall
1508,Revolutionary Road
1509,Her
1510,So Young
1511,Rain Man
1512,The Breakup Guru
1513,Love Actually
1514,American Reunion
1515,"Honey, I Shrunk the Kids"
1516,Dhoom
1517,Tiny Times 2
1518,Slumdog Millionaire
1519,Secretariat
1520,The Best Man Holiday
1521,The Lego Movie
1522,Das Boot
1523,Kung Fu Panda 3
1524,HOUBA! On the Trail of the Marsupilami
1525,The Guardian
1526,Kingsman: The Secret Service
1527,The Towering Inferno
1528,Mission: Impossible
1529,Sneakers
1530,House of Wax
1531,God's Not Dead
1532,Lincoln
1533,Beauty and the Beast
1534,American Sniper
1535,Enough
1536,Moulin Rouge!
1537,Sliding Doors
1538,The 5th Wave
1539,Endless Love
1540,Barbershop 2:  Back in Business
1541,The Butler
1542,The Avengers
1543,Twelve Monkeys
1544,Silver Linings Playbook
1545,No
1546,Dr. No
1547,John Wick
1548,Charlie's Angels
1549,Reign Over Me
1550,Knight and Day
1551,Begin Again
1552,Harry Potter and the Deathly Hallows: Part 1
1553,A Nightmare on Elm Street
1554,Ultraviolet
1555,Alvin and the Chipmunks
1556,Remember Me
1557,Down and Out in Beverly Hills
1558,Morning Glory
1559,The Monuments Men
1560,Lake Placid
1561,Primal Fear
1562,The Bridges of Madison County
1563,Riddick
1564,"I, Frankenstein"
1565,Stalingrad
1566,Stigmata
1567,Bicycle Thieves
1568,House of Flying Daggers
1569,Django Unchained
1570,Silent Hill: Revelation 3D
1571,Wonderland
1572,The Brothers Grimm
1573,DodgeBall: A True Underdog Story
1574,The Girl with the Dragon Tattoo
1575,Catch Me If You Can
1576,Live and Let Die
1577,47 Ronin
1578,Deuce Bigalow: Male Gigolo
1579,A League of Their Own
1580,The Replacement Killers
1581,"Love, Rosie"
1582,Serenity
1583,The Big Lebowski
1584,Upside Down
1585,West Side Story
1586,Land of the Lost
1587,The Croods
1588,Blackfish
1589,Sex and the City 2
1590,Killer of Sheep
1591,Rise of the Guardians
1592,Con Air
1593,How to Lose a Guy in 10 Days
1594,The Graduate
1595,True Grit
1596,Elite Squad: The Enemy Within
1597,Disclosure
1598,L.A. Confidential
1599,Losing Isaiah
1600,Forces of Nature
1601,"Yours, Mine & Ours"
1602,Dragonslayer
1603,Dark Water
1604,Inherent Vice
1605,Timeline
1606,Ok Jaanu
1607,Something Borrowed
1608,Chicken Run
1609,Paper Towns
1610,Dragon: The Bruce Lee Story
1611,American Psycho
1612,ParaNorman
1613,Unbreakable
1614,Liberal Arts
1615,White Chicks
1616,Straight Outta Compton
1617,Road to Perdition
1618,Letters from Iwo Jima
1619,The Untouchables
1620,Independence Day: Resurgence
1621,Bolt
1622,Office Christmas Party
1623,Are We There Yet?
1624,March of the Penguins
1625,X-Men
1626,Night of the Living Dead
1627,Awake
1628,City of Angels
1629,The Heartbreak Kid
1630,Edge of Tomorrow
1631,Bad Boys II
1632,101 Dalmatians
1633,Barbershop: The Next Cut
1634,Heat
1635,Samson and Delilah
1636,Flashdance
1637,Black
1638,Legally Blonde
1639,12
1640,Diary of the Dead
1641,2001: A Space Odyssey
1642,Alvin and the Chipmunks: Chipwrecked
1643,Eraserhead
1644,Nanny McPhee
1645,Bedtime Stories
1646,The Brave One
1647,The Man with the Golden Gun
1648,Taxi
1649,Get Shorty
1650,Metro
1651,The Fury
1652,Perfume: The Story of a Murderer
1653,The Breakfast Club
1654,The Time Traveler's Wife
1655,Ghosts of the Abyss
1656,American Graffiti
1657,Bridget Jones's Diary
1658,The Tale of Despereaux
1659,Schindler's List
1660,Enchanted
1661,Frozen
1662,Hereafter
1663,Galaxy Quest
1664,Sunny
1665,Let's Be Cops
1666,Lara Croft Tomb Raider: The Cradle of Life
1667,K-PAX
1668,Roger Dodger
1669,Michael
1670,The Lawnmower Man
1671,Hachi: A Dog's Tale
1672,The Sixth Sense
1673,Sing Street
1674,Chicago
1675,Deep Impact
1676,Nell
1677,Ghosts of Girlfriends Past
1678,Invictus
1679,Hollow Man
1680,American Gigolo
1681,The Game
1682,Me Before You
1683,Star Wars: The Clone Wars
1684,The Muppets
1685,Bean
1686,The Break-Up
1687,Steel Magnolias
1688,The Nutty Professor
1689,Criminal
1690,The Santa Clause 2
1691,Rocky Balboa
1692,Miss Peregrine's Home for Peculiar Children
1693,Hotel Rwanda
1694,Star Trek Beyond
1695,Steve Jobs
1696,Neighbors 2: Sorority Rising
1697,Star Trek: Insurrection
1698,This Is the End
1699,The Lego Batman Movie
1700,Panic Room
1701,Bruce Almighty
1702,Stop! Or My Mom Will Shoot
1703,The King's Speech
1704,Spirited Away
1705,Princess Mononoke
1706,How the Grinch Stole Christmas
1707,Snow White and the Huntsman
1708,As Good as It Gets
1709,Scream 4
1710,Water for Elephants
1711,The Final Destination
1712,Ouija
1713,Arthur and the Invisibles
1714,Mrs. Doubtfire
1715,The Watch
1716,Mission to Mars
1717,Dan in Real Life
1718,Muppets Most Wanted
1719,The Proposal
1720,Duel in the Sun
1721,Little Fockers
1722,The Hitchhiker's Guide to the Galaxy
1723,Fearless
1724,Fantastic Beasts and Where to Find Them
1725,Abraham Lincoln: Vampire Hunter
1726,Moana
1727,Secret in Their Eyes
1728,The Bucket List
1729,The Best Exotic Marigold Hotel
1730,The Dukes of Hazzard
1731,Star Wars: Episode I - The Phantom Menace
1732,Serving Sara
1733,Train to Busan
1734,Sleeping Beauty
1735,The Crow: City of Angels
1736,In Time
1737,DragonHeart
1738,After the Sunset
1739,Star Trek: Nemesis
1740,Savages
1741,Glitter
1742,Flushed Away
1743,Jack Reacher: Never Go Back
1744,Watchmen
1745,Terminator 2: Judgment Day
1746,Madagascar 3: Europe's Most Wanted
1747,Gone in Sixty Seconds
1748,An American Werewolf in London
1749,INLAND EMPIRE
1750,The Hunger Games: Catching Fire
1751,Turbo: A Power Rangers Movie
1752,Role Models
1753,Before Sunrise
1754,Rendition
1755,The Rundown
1756,Roommates
1757,The Relic
1758,The Orphanage
1759,Grease
1760,Eragon
1761,Fantasia
1762,Flags of Our Fathers
1763,Hostage
1764,Ponyo
1765,Vicky Cristina Barcelona
1766,Monsters University
1767,Reservoir Dogs
1768,Jane Austen's Mafia!
1769,CHiPS
1770,Meet the Robinsons
1771,The Notebook
1772,Planet of the Apes
1773,The Final Countdown
1774,Sleepless
1775,T2 Trainspotting
1776,A Royal Affair
1777,Small Soldiers
1778,Harry Potter and the Order of the Phoenix
1779,Baahubali: The Beginning
1780,Mere Brother Ki Dulhan
1781,Taking Lives
1782,The Core
1783,Beauty Shop
1784,TMNT
1785,The Hundred-Foot Journey
1786,Harry Potter and the Goblet of Fire
1787,"To Wong Foo, Thanks for Everything! Julie Newmar"
1788,Into the Woods
1789,The Hunger Games
1790,Tucker and Dale vs Evil
1791,Jupiter Ascending
1792,The Shining
1793,I Am Number Four
1794,Pirates of the Caribbean: Dead Men Tell No Tales
1795,Now You See Me 2
1796,The Guilt Trip
1797,Spy Kids: All the Time in the World
1798,Return of the Living Dead Part II
1799,The Money Pit
1800,Birdman
1801,Maximum Risk
1802,Transporter 3
1803,Anchorman: The Legend of Ron Burgundy
1804,French Connection II
1805,Dungeons & Dragons
1806,Kindergarten Cop
1807,The Sugarland Express
1808,Resident Evil: Extinction
1809,Under Siege
1810,Sleepy Hollow
1811,A.I. Artificial Intelligence
1812,Just Married
1813,Sultan
1814,Yogi Bear
1815,Gossip
1816,Bajrangi Bhaijaan
1817,"You, Me and Dupree"
1818,Halloween
1819,"Alexander and the Terrible, Horrible, No Good, Very Bad Day"
1820,Total Recall
1821,To Be or Not to Be
1822,The Chronicles of Riddick
1823,Insomnia
1824,Ghost in the Shell: The New Movie
1825,The Lucky One
1826,Romancing the Stone
1827,The Silence of the Lambs
1828,War of the Worlds
1829,Basic Instinct 2
1830,Godzilla
1831,He's Just Not That Into You
1832,The Thing
1833,Indecent Proposal
1834,Road House
1835,Conspiracy Theory
1836,Failure to Launch
1837,Vacation
1838,Kingpin
1839,Hairspray
1840,Firefox
1841,The Departed
1842,Wild
1843,The Name of the Rose
1844,Moonraker
1845,Ghost in the Shell 2: Innocence
1846,The Help
1847,Kingdom of Heaven
1848,The Rite
1849,Shaun of the Dead
1850,There's Something About Mary
1851,Next Friday
1852,Secret Window
1853,The Danish Girl
1854,Pride & Prejudice
1855,Igor
1856,The Ghost and the Darkness
1857,The Number 23
1858,Michael Collins
1859,Executive Decision
1860,Thor
1861,Delivery Man
1862,Happily N'Ever After
1863,Red Tails
1864,Howl's Moving Castle
1865,Hook
1866,Nymphomaniac: Vol. II
1867,The Cave
1868,Bad Santa
1869,Ronin
1870,Drag Me to Hell
1871,Lethal Weapon 3
1872,The Smurfs
1873,Memento
1874,The Strangers
1875,Monsieur Lazhar
1876,Sinbad: Legend of the Seven Seas
1877,D-Tox
1878,Big
1879,Garfield: A Tail of Two Kitties
1880,Highlander
1881,What Happens in Vegas
1882,The Greatest Story Ever Told
1883,Hope Springs
1884,Cry_Wolf
1885,Meet Joe Black
1886,Friday the 13th
1887,The Adventures of Sharkboy and Lavagirl
1888,Calendar Girls
1889,Wind River
1890,The SpongeBob Movie: Sponge Out of Water
1891,Blackthorn
1892,Planes
1893,Hall Pass
1894,JFK
1895,Ali
1896,Se7en
1897,The Deep End of the Ocean
1898,Boomerang
1899,Airport '77
1900,Flightplan
1901,Rugrats in Paris: The Movie
1902,Keeping the Faith
1903,Dunkirk
1904,The Legend of Hercules
1905,Tootsie
1906,Charly
1907,Prem Ratan Dhan Payo
1908,Big Hero 6
1909,Children of Men
1910,The Grudge 2
1911,Focus
1912,Homefront
1913,Reign of Fire
1914,A Haunted House
1915,The Hunt
1916,Days of Being Wild
1917,The 13th Warrior
1918,Prom Night
1919,Dallas Buyers Club
1920,Choke
1921,Dinner for Schmucks
1922,The Time Machine
1923,Oblivion
1924,Jackass: The Movie
1925,Hercules
1926,The Little Prince
1927,The Forgotten
1928,Doctor Dolittle
1929,Atomic Blonde
1930,One Flew Over the Cuckoo's Nest
1931,One Hundred and One Dalmatians
1932,The Interpreter
1933,Paddington
1934,I Am Sam
1935,Bridesmaids
1936,Assassin's Creed
1937,The Social Network
1938,Police Story 3: Supercop
1939,Hulk
1940,The Boxtrolls
1941,"Crouching Tiger, Hidden Dragon"
1942,Mirrors
1943,Saving Mr. Banks
1944,Dogtooth
1945,Spy Kids 2: The Island of Lost Dreams
1946,Pokémon: The First Movie: Mewtwo Strikes Back
1947,Think Like a Man Too
1948,Hard Target
1949,Batman v Superman: Dawn of Justice
1950,Red Road
1951,The Eye
1952,Blancanieves
1953,Oceans
1954,Alexander
1955,The Wind That Shakes the Barley
1956,Shanghai Noon
1957,Elizabeth: The Golden Age
1958,Breakfast at Tiffany's
1959,The Transporter Refueled
1960,Halloween
1961,Die Hard 2
1962,Interstellar
1963,Berlin Syndrome
1964,Pitch Black
1965,The Hot Chick
1966,An Unmarried Woman
1967,Analyze That
1968,No Reservations
1969,The Founder
1970,The Rescuers Down Under
1971,Deconstructing Harry
1972,Godzilla 2000
1973,Brewster's Millions
1974,The Space Between Us
1975,Maid in Manhattan
1976,Daylight
1977,The 'Burbs
1978,Double Indemnity
1979,Blade II
1980,Super 8
1981,Everest
1982,Firewall
1983,The Namesake
1984,Did You Hear About the Morgans?
1985,Dawn of the Dead
1986,Mr. Turner
1987,Nights in Rodanthe
1988,Never Say Never Again
1989,American Wedding
1990,Madagascar
1991,Cloudy with a Chance of Meatballs
1992,Crocodile Dundee
1993,Justin Bieber: Never Say Never
1994,An American Tail: Fievel Goes West
1995,The Act of Killing
1996,Hotel Transylvania
1997,Space Cowboys
1998,Mortal Kombat
1999,Bicentennial Man
2000,Annie
2001,American Gangster
2002,The Matrix
2003,Master and Commander: The Far Side of the World
2004,Bad Company
2005,Seed of Chucky
2006,Bandolero!
2007,Cocktail
2008,Magic Mike XXL
2009,Déjà Vu
2010,The Shadow
2011,Restrepo
2012,Town & Country
2013,Emma
2014,Journey to the Center of the Earth
2015,Gone with the Wind
2016,Ruby Sparks
2017,127 Hours
2018,Pete's Dragon
2019,Vacancy
2020,Seven Years in Tibet
2021,A Cat in Paris
2022,One Piece Film Strong World
2023,Coraline
2024,That's My Boy
2025,Rising Sun
2026,Repo Man
2027,Bad Grandpa
2028,Babe: Pig in the City
2029,Wild Child
2030,The Nutcracker: The Untold Story
2031,Surrogates
2032,Shattered Glass
2033,Minions
2034,Whiteout
2035,Taxi
2036,Lethal Weapon 4
2037,Albert Nobbs
2038,Hot Fuzz
2039,Spirit: Stallion of the Cimarron
2040,Here Comes the Boom
2041,Exit Through the Gift Shop
2042,Shadow of the Vampire
2043,From Here to Eternity
2044,Friends with Benefits
2045,Instructions Not Included
2046,"Monsters, Inc."
2047,Erin Brockovich
2048,The Addams Family
2049,The Phantom of the Opera
2050,Runner Runner
2051,The Best Man
2052,Ghostbusters
2053,Fantasia 2000
2054,The Roommate
2055,Why Did I Get Married Too?
2056,Stargate
2057,Two Weeks Notice
2058,Austin Powers: The Spy Who Shagged Me
2059,Need for Speed
2060,Barney's Version
2061,Real Steel
2062,Thirteen Days
2063,Get Him to the Greek
2064,Escape from Planet Earth
2065,Still Alice
2066,Legend of the Guardians: The Owls of Ga'Hoole
2067,My Best Friend's Wedding
2068,Scary Movie 3
2069,Song of the Sea
2070,Night of the Living Dead
2071,The Dark Tower
2072,Austin Powers: International Man of Mystery
2073,Gods of Egypt
2074,The Purge: Election Year
2075,Obsessed
2076,Jason Bourne
2077,A Christmas Carol
2078,The Maze Runner
2079,Oliver Twist
2080,Divergent
2081,Flesh and the Devil
2082,The Fly
2083,Horrible Bosses
2084,Paranormal Activity: The Ghost Dimension
2085,Terminal Velocity
2086,Asterix & Obelix: Mission Cleopatra
2087,Sing
2088,Apocalypto
2089,The Best Years of Our Lives
2090,How To Make An American Quilt
2091,Hostel: Part II
2092,Mandela: Long Walk to Freedom
2093,Inside Llewyn Davis
2094,Blue Jasmine
2095,Midnight Run
2096,Body of Lies
2097,The Cell
2098,Spotlight
2099,Your Name.
2100,Ant-Man
2101,The Choice
2102,Zathura: A Space Adventure
2103,Monster-in-Law
2104,Mrs. Miniver
2105,G-Force
2106,Bride Wars
2107,Broken Arrow
2108,Beautiful Creatures
2109,Lady in the Water
2110,Mechanic: Resurrection
2111,The Sting
2112,American Dreams in China
2113,Superhero Movie
2114,Ip Man 2
2115,Black Hawk Down
2116,Mars Attacks!
2117,Kiki's Delivery Service
2118,The Lorax
2119,27 Dresses
2120,Alice Through the Looking Glass
2121,The Miracle Worker
2122,We're the Millers
2123,Speed
2124,The Pianist
2125,Night at the Museum: Battle of the Smithsonian
2126,Dawn of the Planet of the Apes
2127,The Haunting in Connecticut
2128,The Longest Ride
2129,Captain Fantastic
2130,Shrek
2131,Big Daddy
2132,Casper
2133,The Rookie
2134,Speed Zone
2135,Moonrise Kingdom
2136,Fried Green Tomatoes
2137,Anchorman 2: The Legend Continues
2138,Fantastic 4: Rise of the Silver Surfer
2139,Fortress
2140,Just Like Heaven
2141,Monty Python and the Holy Grail
2142,Mary Shelley's Frankenstein
2143,The Bachelor
2144,Zoolander
2145,In the Mood for Love
2146,"Big Mommas: Like Father, Like Son"
2147,Wanted
2148,Bridget Jones: The Edge of Reason
2149,"20,000 Leagues Under the Sea"
2150,Network
2151,World Trade Center
2152,The Green Mile
2153,Sherlock Holmes: A Game of Shadows
2154,Anna Karenina
2155,Step Up Revolution
2156,Central Intelligence
2157,The Fly II
2158,The Wedding Singer
2159,Home
2160,The Reader
2161,The Cat Returns
2162,Captain Underpants: The First Epic Movie
2163,Last Vegas
2164,Dangerous Minds
2165,Cocoon: The Return
2166,Dirty Grandpa
2167,Alvin and the Chipmunks: The Squeakquel
2168,Madea's Big Happy Family
2169,Dumb and Dumberer: When Harry Met Lloyd
2170,Parkland
2171,Inside Man
2172,45 Years
2173,Hop
2174,The Snow Queen
2175,Railroad Tigers
2176,Cat on a Hot Tin Roof
2177,The Second Best Exotic Marigold Hotel
2178,Sisters
2179,La La Land
2180,Insidious: Chapter 3
2181,I Know Who Killed Me
2182,Men in Black
2183,Love
2184,Rat Race
2185,The Hobbit: The Battle of the Five Armies
2186,28 Weeks Later
2187,Home Alone 2: Lost in New York
2188,Wyatt Earp
2189,The Empire Strikes Back
2190,Peter Pan
2191,Transamerica
2192,Battleship
2193,Fifty Shades of Grey
2194,Taare Zameen Par
2195,X-Men: Apocalypse
2196,Wimbledon
2197,The Heat
2198,Happy Feet Two
2199,The Spiderwick Chronicles
2200,A Perfect Murder
2201,The Road to El Dorado
2202,Pan's Labyrinth
2203,Atonement
2204,P.S. I Love You
2205,The Matrix Revolutions
2206,Broadcast News
2207,Scott Pilgrim vs. the World
2208,Saw II
2209,102 Dalmatians
2210,The Firm
2211,Pretty Woman
2212,Hannibal Rising
2213,Perfect Stranger
2214,Mr. Peabody & Sherman
2215,Henry & June
2216,Blow
2217,Isn't She Great
2218,Dragon Ball Z: Battle of Gods
2219,Duplex
2220,Once Upon a Time in China
2221,It's Complicated
2222,Stuart Little
2223,Dead Man Walking
2224,Beverly Hills Cop II
2225,Spy Game
2226,Tortilla Soup
2227,Saw IV
2228,Rob Roy
2229,Dhoom 2
2230,The Exorcist III
2231,Sphinx
2232,Hanging Up
2233,The Hitcher
2234,Final Destination
2235,Smurfs: The Lost Village
2236,Harlem Nights
2237,Beverly Hills Chihuahua
2238,Day of the Dead
2239,Baahubali 2: The Conclusion
2240,Beverly Hills Cop
2241,Nutty Professor II: The Klumps
2242,Meet the Fockers
2243,Psycho
2244,Sinister
2245,The Net
2246,2046
2247,The Devil's Own
2248,The Emoji Movie
2249,Shakespeare in Love
2250,City of God
2251,Freedom Writers
2252,Clash of the Titans
2253,Underworld
2254,Patch Adams
2255,One Fine Day
2256,Just Friends
2257,Goldfinger
2258,The Jungle Book
2259,Forrest Gump
2260,Tin Cup
2261,The League of Extraordinary Gentlemen
2262,Crimson Peak
2263,Boogie Nights
2264,What Lies Beneath
2265,Annapolis
2266,The Descendants
2267,The Peanuts Movie
2268,Nanny McPhee and the Big Bang
2269,Passengers
2270,Kung Fu Yoga
2271,Timbuktu
2272,God of Gamblers
2273,The Fate of the Furious
2274,Mustang
2275,The Bourne Identity
2276,Whale Rider
2277,Black Mass
2278,True Lies
2279,Teenage Mutant Ninja Turtles
2280,Bambi
2281,Jurassic Park III
2282,The Wild
2283,Dial M for Murder
2284,The Usual Suspects
2285,Surviving Christmas
2286,All Is Lost
2287,The Island
2288,A Good Day to Die Hard
2289,The Pelican Brief
2290,Iron Man 3
2291,The Grudge
2292,Stop Making Sense
2293,Diary of a Wimpy Kid
2294,Lawrence of Arabia
2295,You Again
2296,Drive Me Crazy
2297,Forbidden Planet
2298,The Weather Man
2299,Charlie's Angels: Full Throttle
2300,Son of Saul
2301,Brooklyn
2302,The Flintstones
2303,Austin Powers in Goldmember
2304,Halloween II
2305,Matchstick Men
2306,Back to the Future
2307,The Village
2308,The Getaway
2309,Ringu 2
2310,Hostel
2311,Midnight Cowboy
2312,Wild Tales
2313,Babylon A.D.
2314,When Marnie Was There
2315,Rules of Engagement
2316,A Monster Calls
2317,Chasing Ice
2318,G.I. Joe: Retaliation
2319,Die Hard: With a Vengeance
2320,Scary Movie 4
2321,Presumed Innocent
2322,School of Rock
2323,The Cove
2324,Side Effects
2325,Training Day
2326,War Room
2327,Shaft
2328,Poltergeist
2329,3:10 to Yuma
2330,Kelly's Heroes
2331,Terminator Genisys
2332,Without a Paddle
